division,group
Food,Gourmet Toppings
Food,Addtnl House Toppings
Drinks,Bar Modifier
Food,Beef
Drinks,Beer
Food,Burgers
Wines,Cabernet Sauvignon
Food,Calzones
Wines,Chardonnay
Food,Chicken
Drinks,Cocktails
Drinks,Coffee
Drinks,Coffee Concept
Other Spirits,Cognac
Food,Cooking Temperatures
Food,Curry
Food,Custom Large Pizzas
Food,Custom Medium Pizzas
Food,Custom Mody 1/2's
Food,Custom Small Pizzas
Food,Custom XL Pizzas
Food,Dessert
,Drinks
Food,Fish
,Food
Food,Food Modifiers
Other Spirits,Gin
Food,Gourmet Pizza Pies
Food,Half Toppings
Food,House Casseroles
Food,Incl Toppings
Drinks,Juices
Food,Lge Calzone Toppings
Food,Med Calzone Toppings
Wines,Merlot
Drinks,Mixers
Food,Noodles
Food,No Toppings
,Open Item
Food,Other Dishes
Drinks,Other Spirits
Food,Pasta
Wines,Pinot Noir
Food,Pizza Modifier
Food,Protein
Wines,Red Wine
Wines,Riesling
Drinks,Rum
Food,Salads
Food,Sandwiches
Wines,Sauvignon Blanc
Wines,Shiraz
Food,Side Orders
Food,Small House Toppings
Drinks,Softdrinks
Food,Soups
,Special Instructions
Food,Starters
Food,Steaks / Ribs
Food,Sushi
Food,Sweets
Drinks,Tequila
,Tip
Food,Traditional Pizza
Food,Veal
Drinks,Vodka
,Voucher
Drinks,Water
Drinks,Whiskey/Whisky
Wines,White Wine
Wines,White Zinfandel
Drinks,Wines
Food,XLarge Toppings
Wines,Zinfandel
